<?xml version="1.0" encoding="UTF-8"?>
<project-private xmlns="http://www.netbeans.org/ns/project-private/1">
    <editor-bookmarks xmlns="http://www.netbeans.org/ns/editor-bookmarks/2" lastBookmarkId="0"/>
    <open-files xmlns="http://www.netbeans.org/ns/projectui-open-files/2">
        <group>
            <file>file:/D:/Workspace/prj/Project_SStore/src/java/filter/LoginFilter.java</file>
            <file>file:/D:/Workspace/prj/Project_SStore/src/java/controller/AddToCart.java</file>
            <file>file:/D:/Workspace/prj/Project_SStore/web/ManagerAccountDB.jsp</file>
            <file>file:/D:/Workspace/prj/Project_SStore/src/java/controller/BuyProduct.java</file>
            <file>file:/D:/Workspace/prj/Project_SStore/src/java/controller/DetailControl.java</file>
        </group>
    </open-files>
</project-private>
